id,first_name,last_name,state
c7557f0c-444c-4ddb-81f0-e1c65efd3a66,Jilly,Sisse,GA
b084a4b0-534a-4be9-b1c3-a4794fff3eb7,Darby,Domerc,CT
71a5bc05-05b7-4927-9eb4-fe798f76aeb4,Gav,Snowdon,NV
2771fbb7-34d2-4c0e-b88f-fb9a9babf9ab,Bev,Osgood,KY
723a8f45-0476-4d4c-aa28-cd82fc36bdf2,Pearl,Kahen,OH
99988f46-5b8a-4a73-ad29-2174e09e9139,Nels,Chaddock,IA
7b8e4c7c-5f5b-4628-a60b-d07a9122c6a3,Rolf,Pomroy,ID
3ae44347-6f02-4984-8e8a-03149258b0a9,Sandi,Copestick,WV
7ed40feb-90d1-4ec4-a267-99b41c3b2446,Jasmin,Common,CT
2c8ea7be-9981-4b70-b6c6-971a25362324,Danila,Haseman,TX
c599a495-3d10-4d42-985d-88aca37e6e61,Florance,Saladino,TX
dcd73cc1-9e6c-4244-ba44-8a7050c5440e,Holt,Burchell,MN
79cae245-6058-4ba8-81cd-cbc1afb05dfe,Toiboid,Carnelley,MI
30eaa714-ef77-4c89-81d5-3ca8a2a33cdc,Tripp,O'Carran,CA
b89b8921-e98e-4df1-a6a7-0cc0d2a67395,Bernie,Masi,AL
aba1476f-433a-4139-9fb4-505f2df64ba8,Calla,Chrisp,AK
c4f50c39-e8b4-4fd1-a40a-db0b33291735,Ansel,Rains,NY
aad573aa-af9f-46fd-9546-48dcf5ba933a,Stefanie,Fitchet,OR
1bb6d9cc-8085-49da-be60-afd0a1ac6410,Gabi,Duetschens,FL
4ff4cea6-525d-41ed-b909-8fdd47be7ff0,Jerome,Hendriks,NC
80904294-b063-4f4a-92c1-b38995ee7249,Leesa,Fogden,WV
d7ef2a90-bb9d-4c57-9023-68c0c6f47580,Shepperd,Marchand,VA
e8005b81-ad84-47cc-8723-701e50f78b49,Mady,McGee,FL
2ec14590-61a2-4efe-a38d-3e930b62148d,Boony,Mott,FL
0ad124c5-f7da-4379-adc3-f229b957ba02,Hettie,Wimmers,WV
8cd13b8e-bb4e-44cf-b72f-34fab7d7918d,Rheta,Branno,FL
c226142b-4e07-41af-9cf1-0d28e30806c3,Nickey,Heck,CA
15aec117-188a-4797-b084-fa5012d73987,Hertha,Boast,TX
c13969be-02d6-47e9-9268-2883050eca77,Adeline,Union,VA
7fa78388-fd66-406c-9304-78354389a5cc,Ermengarde,Sansom,NM
8e220ad4-a1fa-4736-936e-a47099f4d674,Abelard,Cafferky,AZ
035ebdef-42af-4d44-9ee6-b5dd83ecfd06,Kristo,Predohl,AL
fc7e4e50-74ec-49be-b7fd-5a289ef651c4,Wood,Bayly,KS
c92c4177-36d3-435e-93fa-cde0a7e3ffbd,Clayson,Cusworth,WA
c93de4ec-5c82-47cb-8076-2099f9ff9016,Corri,Croose,IL
9473f271-28f2-4ed4-8708-e364dced6717,Rosaleen,Sunners,MN
ec5d7f02-69a1-4dc1-a260-0c81b4e3af2d,Sherrie,Reavell,CO
66719b0e-647c-4a1f-b6d5-ab32f49ba611,Arlette,Le Prevost,DC
7224ade4-f5f3-40d5-848a-77b136413a25,Cathrine,Ginger,AL
ae2cfafc-9698-4bb3-9c67-4ff78b9d4579,Katerina,Potte,NJ
c3714e7d-ecd0-46c5-b4fb-29700bc99b43,Jedediah,Foulsham,NC
d6db6dfa-2b65-4877-ac6e-3fdf1852455d,Mallory,Tocque,TN
d75de3d9-6fc4-45c1-b987-5dbff6ab0605,Wiatt,Bailles,WA
ed12d295-a127-4941-8aa0-543c472167e6,Glenda,Sprull,DC
0c770403-9f51-4353-a0ac-34c26373152a,Kory,Geraudy,VA
68f244bc-b5b3-468b-98be-af078bd038eb,Gus,Fullom,MD
6a5e103f-9c69-4844-87cf-83e44d54e30a,Meredith,Newart,IA
afd08444-deb4-4f46-b5d0-87ca4bbd6195,Tandie,Smallacombe,OH
c05c8611-f08c-49bf-94ee-2535d36ac7d9,Romy,Sidsaff,VA
26328c8f-bc48-4049-b696-da69f5cff14d,Stanislaw,Whitehall,CA
b8c6eb9e-cc2d-4680-84de-e186fed444d8,Bamby,Fryett,AR
7a69de0c-703f-4dd5-9fcd-d1410cddf71e,Gallard,Rist,TN
53503ade-0f23-4279-81b5-4ad249ad6bb0,Joan,Shah,DC
23d7dfb0-42ee-44a9-9bba-156581a02fb9,Glenn,Omrod,PA
c399be56-8b89-432d-8fb3-8658b7d26782,Jarrett,Rudwell,AZ
241943e4-d3a5-489a-a1a6-8c286fb30781,Eleanora,Bravery,FL
4c9cd3e4-72c2-45b5-bf96-3f409937ec73,Job,Pinchon,CA
be5ae539-e88c-4526-8f0f-d5aa8f290075,Elnar,Pheby,WA
e34d0565-e903-4db6-8604-0ffb17974af7,Roobbie,Cocklin,WA
e250b3a9-bc0b-48fa-a966-eabbec0bb930,Ortensia,Mapledoore,MI
3f6ef133-5f8d-4054-84ce-2d390486d7f1,Violette,Reyes,NY
fea00933-7ada-4d56-a78b-7bb852e213eb,Fredric,Deble,NY
c242d089-9ad4-4965-9b2d-ed31abf217c7,Danella,Sillito,AL
49f217c5-b069-4c78-aaf3-ace918a9091e,Jamison,Orneblow,CA
261fba0d-d937-4883-8716-4e58d87a31d3,Griff,Schwanden,MA
103be7e0-51ba-42a6-8945-952135ab61f9,Gerty,Chadderton,WV
66a04d32-0705-4dc4-a8d0-cf0a05ef94d0,Creight,Eshelby,IL
ae8d6a15-67e7-4d5d-aa52-0b0751c7f109,Antoine,Fishley,FL
f796c984-061f-44b8-ae02-82789ae74ffc,Bonnibelle,Lount,KS
deda5758-8c5d-4f25-ba91-345759d26d0f,Maxwell,Moniker,NY
a7f525cb-16c2-4384-aaa7-4e66b89e97b5,Berky,Hamner,CA
557e94e6-5282-465a-a7e2-83198896f3a1,Ulick,Shalders,CA
83b0e8cb-cad9-420a-aff7-6d1334811670,Hollis,Canada,CA
8e18f082-f8ca-494f-a024-c80d21681a25,Otis,Surr,WA
9c0d885e-7f74-4f08-9924-3de52d96ce5f,Hersh,Drever,MO
9c390171-971d-4c1f-92e6-81f78143abac,Alex,Shrubb,CA
f1824f8a-4f4a-4f6d-8fdb-53dce07aed0b,Howie,Bramich,MS
1b81a936-cdcf-4399-b31e-4ce67fc5ed66,Jewell,Flanigan,CT
697c1ffa-ea2c-415c-99a5-61aa4df1d747,Claudianus,Gilloran,FL
b0b3a2a4-4532-4f35-b0ac-7758d6ba4d65,Martie,Corry,NY
46ae4cc9-7cf2-4bba-86e6-04aa1ddbab48,Clarance,Catanheira,VA
ca9d71f4-41f1-4851-b261-ee70e778dc71,Pembroke,Worsam,MS
42f43357-a7c4-4437-ac57-a9cd93212b92,Madel,Cowgill,TX
8d58b08d-96ad-4d54-a26d-fe080478fe5e,Tomi,Gronw,OH
bf52cb1c-83f3-47b5-a925-81264cc27e1e,Melvin,McKelloch,LA
ce8959d4-49d3-4a1b-8558-cf49a7b21d93,Shelby,Simakov,GA
fd64fc94-6793-44c0-9a67-780f0b9ad4d5,Izzy,Ofen,IN
a7af3b2c-5d04-482e-a966-75f9a8e05e63,Corrie,Boumphrey,NJ
12546ca3-a50d-414c-a4c9-a39fda8ac99a,David,Backshill,TX
9f70923c-24f8-47b7-a45b-7eda5ef5a081,Koressa,Doone,DE
e130ed11-7c53-4553-8226-662815b5df41,Madlen,Lambarth,HI
88582b74-ecab-4a17-9470-cace0972dc5c,Stewart,Janes,NC
1f4dfff4-c79b-43ec-b575-b30afa70b340,Minni,Jenks,LA
5a1b5bf3-8155-4332-8744-966c6d4b994f,Nancie,Fullerd,WI
db63037e-a977-48a0-b411-f98c5d68ed31,Ignazio,Habeshaw,NE
2aa6165b-b522-43bb-b4f6-f33c32f68246,Sherlock,Yitzhak,AL
b5514766-968c-465a-b285-ffee5d66f8b8,Sharyl,Seely,TX
378cd9d8-60d8-44ef-8733-5bcc5fe1edec,Salomone,Dudbridge,OH
8a2af7db-701a-40da-843d-a794b47da61f,Franni,Glede,AZ
2f965e40-9a81-4e53-9727-20b32239254a,Felipa,Camilleri,NV
95a700c5-b0ee-4eb4-b25f-57a9595440dd,Erin,Abrahamoff,LA
2663f519-a1e4-4ba9-8dc6-1dde950299e9,Shirline,Butte,TN
a6354ca7-258b-4719-ae03-f0ca5182baa4,Rose,Bleything,OK
148ace69-a5fe-4fc6-a201-f96f250c36e2,Cornelle,Matousek,AL
9a858b16-5aaa-4d79-a788-7f7305340ae1,Cissy,Olanda,TX
e5e08d40-8fbd-4ee2-b1d0-b94070e21d86,Matti,Baldin,IL
5f2b4613-c9ba-4c3f-b706-c97fd4eacc7a,Gustavo,MacGovern,MN
2563215e-4342-4f14-9bca-32a2daa2716e,Sylvester,Castelot,UT
8308d093-847d-4d2a-ad18-9629cd583139,Morton,Drakes,TX
17ba3758-c567-4294-8ac4-970f05b3df67,Jecho,Newitt,GA
6fdc3c04-c4c3-41f9-8bf9-8dc304a3f944,Nancy,Carnilian,DC
d2a41bf9-18d5-4652-98d3-b9e1a46d97c3,Ebba,Mistry,IA
00ef991d-feae-45d3-a39e-9d4063844979,Janos,Spalton,AL
88958edd-7895-4b7f-9dd2-9be479e7d456,Tansy,Langmuir,CA
c36dbb6d-62ad-4d86-8b64-832b6762cb09,Billy,Baudone,CA
098cfda7-7dc1-4719-90ab-6524578c93aa,Harmon,Mallinson,FL
8218ec74-88e6-4204-9db2-4e7b46d30133,Faunie,Vassay,NY
01050cba-295d-487c-acc8-5b22164a3dba,Timoteo,Delieu,CA
880cec1d-c8d3-4df5-b632-eb79a01b99db,Codie,Hoys,CA
8f27e93f-c03e-448c-a04e-7fe2c95ff733,Sergei,Beevers,FL
c673c06b-8e50-4ec8-ac10-e6b4662cab22,Lorilyn,Dibb,AL
815ce798-a579-44cc-9aa1-3e08659c8946,Reina,Mounfield,NJ
1ef676b7-1bd5-4e13-8469-85dff18c9ad2,Matty,Blurton,CA
1221d7e0-278e-4bd6-b918-dd0794a8e484,Nicolina,Dulinty,IA
c259ad89-6801-4f0e-bc56-d6e46a169f39,Cecilio,Baglan,CA
bd3a971d-41c0-4b2a-9177-eb5e11c78ff7,Bartholomew,Basnall,NC
41fdf015-f0a1-4039-93ff-302db1303767,Antonius,Chateau,CT
905d0dd3-f7ee-4c82-a9f6-62453ed23110,Nana,Manser,SC
ef42543c-aede-4982-bee7-2bc35982429b,Tony,Buckenham,CA
83368888-5aca-40cb-b957-52bcf2534a14,Ahmed,Shoard,NY
5dc372ac-7ffe-456d-bdb1-fb425b3cf77f,Eleni,Old,OH
40fec248-a0bc-4e4c-aa1c-e2bc05af3328,Bourke,Cleveland,CA
7e922197-641b-4d79-8fbf-97347dafc7ea,Fonsie,Kubek,AR
a68b17d9-904b-404c-a25a-669e2cdedbb2,Devlin,McKeeman,IL
6cbb692f-8f2d-4986-91c3-8c00642be7a7,Nicholas,Davidi,LA
deb745a9-2736-4b57-9fa3-b239c32c1013,Martie,Ridde,OK
92d17c9d-74f5-438d-a5be-3494ca8e43b2,Fanya,Leeves,AR
440bb481-f264-4815-b516-81c7933ef4d6,Dunstan,Dandy,FL
5c8dfd90-25df-4511-9662-15db91a5a458,Anabel,Bruggeman,WA
d6047d98-5f17-45b9-a310-0d77610491fb,Grenville,Wychard,CO
991396dc-1f32-4963-8a3d-2c7b846bc500,Caryl,Neill,OR
740d5614-7dfd-4b2f-8c5d-1a5eea2f143c,Pepillo,Carling,FL
56e17f9f-5a8a-499b-9051-3f2d496d087d,Humphrey,Sherrin,MN
d684cd40-d1cc-44a7-8afa-7d0311299514,Sean,Lockyear,TX
c580b109-12a9-4abc-babc-66d45952328b,Lyn,Conti,CA
d68327de-5a4a-4354-9b34-e2a944aaa8cb,Yorgos,De Roeck,CA
647a4616-0bb5-43b1-a02f-e08cd0c657ba,Jamal,Reavey,FL
a3d53b6d-c8a6-4cb4-9c43-8c6b4b7c0cdc,Tab,Raynor,IL
cd1e4bca-bed8-44ca-8c36-fea5d649c106,Micheal,Barbara,GA
9aad7cef-6fea-4d37-85ba-8a37a4ba319f,Aldwin,Camerati,KY
d5a741fb-68af-4082-8c20-ed4afe261605,Nert,Waberer,TX
2f5207e2-5d2f-4650-990a-a767a90aefd4,Lilly,O'Kinedy,TX
c0f1cdb0-4164-4265-93c5-04341f7e7630,Loralee,Dawtre,MD
084fd421-c568-4a7c-a16f-4f62f49acb41,Ly,Hoovart,DC
de84602b-1743-403b-a505-c61339b33e70,Lilly,Breakey,LA
ec6298ca-1ea0-4cf0-9841-61f65e66c9fa,Innis,McRory,GA
dd0ba8a9-e458-4199-b34d-9efbe764d342,Ruthann,Binning,IL
8a723559-4696-4098-80e2-c045e8386455,Desmund,Vipan,SC
b8091f0c-020e-4284-8b12-6e3eee78c716,Aloisia,Caulwell,MA
39537b46-9cf9-4645-af3b-5280dd90f8b0,Burr,De Brett,NC
e8a741f4-b512-45b6-8866-3e77c3ec7214,Filippo,Schimon,MN
a976095f-d91b-47af-8c09-8e5ee0d93127,Hadleigh,Ribey,WI
68a4f2f7-622a-49d7-aceb-09bb4f40704f,Kaja,Harrington,MD
b7105d80-b8f9-4b10-b6a4-6fb3a6865e90,Jackelyn,Redhouse,IL
ca543e7c-7b9d-46b3-b02d-ca22fb9510a9,Tiphanie,Kingham,PA
1622cc27-e437-4962-b4bc-4340242868eb,Theo,Kilgrew,MI
3776a762-9e2e-433b-ac69-49d2a18dff0c,Prudi,Dybald,NE
30d05434-7b17-4c18-8ace-0c95029ba459,Helaina,Cobby,FL
db0765bc-ff55-48f7-b68a-0cbfa6b7972d,Hannie,Glew,CA
fc6d5f96-8936-478e-aa4d-56fc5c34f50c,Nada,Ikringill,OH
d9523952-6a28-4ad6-b3e9-5f8591741311,Tiffanie,Gibling,CA
e595920c-1f01-435b-9764-2696091f1767,Basilius,Simionescu,TN
cd71c371-bc40-4dd8-9d3b-50360cbf99d6,Bourke,Rangeley,OH
0aef71e0-3e54-4f3f-86d7-ec6d8767e70e,Dorothea,Bogart,AZ
0427d405-536d-47d8-a819-9f6d9f866914,Peyton,Lorman,WI
349a2406-a57b-4210-aaa6-c23dfa95e766,Odette,Rabjohns,MA
932f6599-3a78-4c30-8462-7827083efe91,Felice,Ringham,FL
cbf25481-9895-44e1-9659-1bb9fd42ea83,Horatio,Cornelissen,PA
ee8ec486-afb6-4f5f-8193-b90f019828da,Kacey,Lanigan,NC
deb189ae-acec-4651-8c03-c4657af01ff4,Frankie,MacKenney,FL
2cf7de1f-1668-4566-bab2-6c1d9ff6d42b,Kristi,Mattiello,NY
0787840d-9b99-4916-b3c8-30ad2aa0f580,Hurlee,Hedaux,OK
a7ac6a20-be4b-4ff1-ad35-cda764c7f1cc,Terrance,Yarnley,TX
40382489-cd94-4b9c-96af-b9e1e542a776,Agnese,Poff,MN
12452f35-643b-48e7-9a57-71c58ea68ed6,Margarette,Sellack,CA
1b0408fe-1138-4a44-8b91-369a42c3523c,Fara,Fooks,OH
4b0601b2-bc08-42ef-bd37-3ce128a1788f,Edythe,Huddy,OR
c721e2a6-f0b9-4d20-a5bc-cd45fb76dcfb,Ezechiel,Boam,NC
4a0aa3ed-59e1-4763-96bd-ecb89b430834,Tracey,Robertelli,VA
d34bb1d0-2eaa-404b-b995-7e6c0e76d542,Velvet,Cawthra,TX
187fab90-abc7-4d08-a754-21c4021f6a7f,Saraann,Kmieciak,OR
27a2e35c-71db-49e5-ab68-c8fc5f568ee8,Dino,Gethen,AR
32fbfaea-287f-4e39-84f7-e846e41f66c6,Cherry,Wisby,CA
301908f7-959a-4f32-92e4-f40cc297c8d7,Teena,Warboys,WV
3a6d9b88-5f58-4eef-b3bd-f8affa6930f4,Tonye,Cornthwaite,OH
d3cb7707-1e28-47ea-9e1d-1aa9aa2c2884,Melicent,Kedward,NY
419a749a-5158-45f3-ba4e-990fe1003fe0,Gonzales,Hadlow,TX
4eba5272-ba8a-4268-8145-88b3765b3413,Charlie,Fudge,TN
663f2003-0210-4b97-8335-3a5693d38227,Sheppard,Yates,NE
37d2e353-b2b0-4b59-bb6b-b3d1cb1482c1,Cristy,Gonnet,TX
f6cce270-e8f5-4866-b212-f1c85a5021e4,Hesther,Pinniger,CA
4a8ac9b4-6acc-4555-b57f-3b6ff321757b,Dorian,Soldan,AL
33a9cfa5-6615-46cc-a6e9-ce2f9c61120c,Lynnea,Robic,CO
13b82769-836b-40fa-b4bc-6e644f3d9720,Jeth,Eliasson,MA
7282d05d-33ff-41e5-86e7-3684a13aeb31,Ninetta,Delap,VA
e38c36f8-6a76-4452-a8b1-513622d8fa29,Armand,Osborne,NV
90926039-7423-4909-9cc3-279e4eb5a404,Sayer,Rye,MN
d20e2c72-0bea-4300-ae5b-ee18ee7e113e,Kitti,Benton,FL
681e6507-5e88-4642-b18a-555714592c6a,Ashil,Beves,IL
08374e74-2e00-43a7-b1b8-c872aaa9450f,Jule,Oldnall,MN
af2d50a4-ce51-45c4-85ad-e3d73da79acf,Dani,Kaasmann,PA
2d72e8d5-9306-40b5-b61c-e2a6b1aa35a9,Dunn,Dorkin,WA
d41119f5-2474-4e25-ad5e-4a6ff31a7c2f,Melody,Richfield,FL
fba654a8-d6d0-4cd6-82db-c40deb09bb26,Emalee,Behne,VA
e5b12f0a-c933-450b-b464-6af9a889010c,Alphard,Kordt,DC
721e9040-60f0-4d03-92cf-65666df14bff,Edee,Shucksmith,CA
ea0311fb-118e-49e0-b26c-fd5ef0098c74,Adler,O'Nion,FL
905c482b-e458-4717-9e8d-5ccdb5e48730,Prent,Winslow,TX
9a83dbea-93d2-41dc-9b52-c82d5c99f434,Daffi,Playfoot,CA
34601a14-23be-4f49-bb3d-bc09a681ee9e,Geri,Bushel,CA
71147f86-5438-4066-a785-f0126080a654,Eileen,Grzes,VA
441243ff-16fc-48fe-9eb0-a73c5f833dfb,Care,Mettetal,MN
c9a4ed89-7110-469d-a84a-9c99a31061ad,Ingrim,Baggot,FL
4783cba4-1e85-4974-9550-50529eb133ec,Patrizius,Bigland,CA
b0303415-85cc-4eaf-bb7e-0921cb884a44,Phillida,Eicheler,PA
ec2ba9be-2266-4fa6-8226-fbc245d1aabc,Perri,MacGaughie,AK
37066069-e23f-4348-ada4-c55278199816,Else,Schott,TX
fdfb9e94-8829-43c1-b471-e7e1975c8251,Gerladina,Riordan,SC
0efde601-812f-4156-bedd-31b41b6f81c4,Kirbee,Powlesland,DC
604c349a-cecb-4720-9bf0-b52cd0d27a43,Neille,Speller,LA
7ee4faf2-e1aa-43fe-9dc1-cbdd4f295862,Giuditta,Gomery,TX
2ebd0ebf-ecac-4d4e-b311-303f10a293c8,Christopher,Nuccii,CT
8371f670-1a70-4822-9ace-6f4b25c6135b,Lanae,Ellerton,IA
2e15f15f-7c27-4dfb-a489-6a2c781417b9,Jamie,Jeanon,CO
21d14f28-672d-4138-a6e3-91575ee63c68,Portia,Towey,CO
b2ae5360-c286-4ff0-b6c6-dd07cc8995e3,Francene,Brennenstuhl,OR
769cf2b5-c49a-4348-be51-34a56a74d24d,Rickie,Dymott,TX
ba0a6a9c-d100-4230-83c2-06748cc71eee,Collette,Bumpus,KY
827d837b-a811-436e-9f25-5cbe637edfa6,Kali,Meech,TX
66c5d37b-119c-4d9e-9459-89155a4573e6,Emlen,Tonks,IN
61842df8-e3f9-4cd8-8fb7-8b6a1bfb22d3,Chanda,Deem,KY
524da95a-8d8d-4a10-91c4-9887f6e3d30b,Kristal,Baxster,AL
9b42bf8a-fd9a-4bad-935d-2b633c4b2cd1,Melisa,Bortolini,LA
ad6e32be-cc39-45dd-9345-abc2b9b9784b,Konstanze,Zollner,IN
eca63856-eca1-42b9-b453-ae59aa87bb9b,Hilliard,Massei,FL
005847c9-b918-496c-be46-c23ddf937051,Melli,Eccleshall,LA
ff1afd65-0110-4636-abc0-5c9106b1ada0,Katlin,Stoyell,TN
8e7a72fd-37fa-4f64-ad25-b78ed3b5a48c,Josi,Crossan,DE
619b89ec-77e4-4546-9849-7983e0735012,Hyatt,Northern,AZ
8ab88a52-6c4a-4b46-9e16-6cd025013f81,Brier,Perryn,TX
771e9820-1a1b-4dd2-848c-ae7cd8d12054,Desiree,Caswill,VA
492e3ede-abf9-4d9d-86d4-ea1f0b5097f4,Joan,Hucknall,NC
26c6a742-7951-49c1-acfb-0df341ad64ec,Carmela,Kinane,NV
ea07b103-6dbd-40e0-a433-116e8f2a08b5,Marian,McHaffy,TX
18c898cc-61ce-49db-8e31-13ac8f38af4e,Lalo,Muldownie,VA
87321ce4-0126-4757-8b9c-07e390c5bea5,Emalee,Dohmer,AL
7c9c7852-fd6b-419c-9fdd-aa2c37f241eb,Inglebert,Mingaye,KS
ecf3c5c0-fe58-4cab-8fd1-983401ec2c10,Jacquetta,Laurand,KY
d9c5dbac-0f1f-488c-95ba-1828eb26602f,Hermon,Siddaley,KY
06b5aa00-c0ab-43eb-94b2-b4e39fea833f,Ira,Espada,LA
042471d5-8285-4542-9aab-838aebef4dfd,Kania,Eskrigg,LA
c1299e3b-b6b4-45a4-8d20-49caef6bcc8f,Giralda,McAvinchey,TX
52481dbb-e061-4452-bdf3-0fb75129ba6b,Millisent,Gynni,LA
23d30320-0a67-43da-bcba-c926d4cb3ce1,Rip,Felderer,LA
8a94f458-4ac3-49a6-8ebd-f99c14ea828c,Ruddie,Cherrie,VA
84e8e8ca-4c71-4758-92ab-1c3ab9672459,Angelina,Cowl,KY
cc9058e4-424c-4a93-95bd-a19df1502d85,Audy,Whatmough,CA
ed22a0a5-94ed-4a65-97da-4631b591b375,Burty,Bamlett,TX
310cb92d-4e32-45fc-a5ba-0d6864e37092,Alberta,Pittway,WV
fd6f4095-6826-4fcf-a5fc-2717a9a1cf4f,Rock,Craigg,CA
d9e8104a-886b-40e8-b753-db543f333bf3,Ambros,Gristwood,DC
aab92a6b-3169-486a-8c8f-ded9c18a1633,Barb,Verbeke,TX
11e7ec7d-d42f-4ef5-bb49-434676e0f799,Joby,Dorricott,VA
868d936e-a2eb-4784-8b52-ecdb7611bb95,Gwendolyn,Corballis,OK
168bc27b-2894-4cc5-a06e-6db6618f1ec3,Sanford,Gosnell,PA
f528f887-5988-4a0d-b937-de57056d124a,Northrop,Gittose,TX
9f4cdfde-7240-4605-9465-16a3da731c9d,Maurene,Gatchel,IL
bf87ee1d-09ee-4bb2-9d40-e89fb7785666,Giraud,Forster,AZ
1af42e57-af69-4965-8172-689cac043987,Joane,Boecke,TX
06a52d17-04e9-4d79-9505-867ccdb23c33,Aviva,Tetla,KS
bea0fbde-87b2-42dd-95d1-02896e2d0f9e,Nikolaos,Edson,WA
702a942f-2520-47f6-9eec-b2ac24469927,Lethia,Karby,PA
7ebcb206-45e3-47b2-9176-7c00b252741c,Ynes,Bownde,MI
d0a5fc5a-d43d-4743-972d-7b6740b37e98,Arleyne,Craine,AZ
af51e99e-adc8-45a2-9e13-42bbad51d9eb,Bendick,Redferne,FL
cb32da8c-e3f0-4809-8d9f-69b651fe739a,Edee,Dickins,FL
741879e4-bc73-4a72-a7a7-f981a5e92ff9,Andee,Stanbro,CA
e8d2468b-c349-4a99-bcff-bbc766ffdf8c,Dale,Janse,KS
b994bc8d-4dc5-4218-a770-20d636788ef3,Bathsheba,Jiggle,OH
90d35bd1-5348-4ae5-9b47-26b01fb2212d,Doe,Addyman,NY
fe4f41ec-21b3-4311-8bd6-b2a94048bfb2,Adria,Jandak,CA
ac7c52c0-7afd-4f38-8a81-9218ec01afe0,Forbes,Kleinhandler,TX
86812d44-e467-40aa-a949-83c07720f621,Cristin,Flather,PA
aacbf6e9-c8a9-4213-8465-e554a6cc60af,Bonnibelle,Powe,NC
8f3a0112-878f-4cbb-a593-0c5d3c8b6724,Lanita,Petrelluzzi,MO
6e405ba7-c58a-4f29-9303-c4d1a4c34668,Daffi,La Padula,VA
8a5582af-3bf3-473f-bd57-696bf69795bd,Dannie,Towne,GA
4055f5ec-2f73-4509-916b-2329b8e15c9b,Katuscha,Joddens,CA
571e0a8b-7e74-447c-9c8e-28ef06256f75,Rayner,Zanre,GA
4b41dfbb-e597-432f-9339-ad29af5759a3,Teodor,Colby,CA
5efc1a6f-841a-4a22-b87d-9ce6a66d7cb1,Timofei,Rathbourne,NE
fd883521-64ca-441d-93a6-9e0608a21261,Josi,Unger,OK
f5a2c49d-8ba7-484b-befa-b9bd6b09838e,Gianina,Lillywhite,MS
56e7967c-2484-416b-a22a-e1f96d930272,Jeanine,Dundendale,NE
8372d3f9-74db-4ced-b306-835adf119555,Arluene,Jewster,TX
d2fc1f0b-2bee-4e0f-814a-1f792434e945,Pavia,Sillito,CA
16da13de-200a-4a5d-8934-69d525c7cb6d,Jojo,Djurkovic,NC
a8c48c70-815c-494a-bc19-04435d9075c1,Sheppard,Andrieux,OH
05a44402-8d45-469b-a2aa-cbe4a74ecf92,Loydie,Filipychev,OH
7b660fab-e658-48e9-aa3c-a9d183f69395,Arv,Diss,IA
0f3a1e0b-eb4a-49ed-be9b-d4a42f073286,Shandra,Bycraft,CA
86f51284-1ec3-4e8f-a7c2-161bf04f5937,Bobbe,Ceci,MI
08d20833-dcba-4e66-b212-c089f57a3c6d,Audrey,Eilhersen,CA
16a50b0a-26f4-46a4-bfbe-e46e6e02a747,Nari,Chislett,CA
ef1c882f-9b68-4838-9f37-dbda17b5f450,Augusto,Jeanequin,FL
51880049-3719-4bb9-96e9-f87a81aa92b3,Abba,Outlaw,TX
075541dd-3cd4-49b1-b002-18543095a554,Joyan,Cawthra,IL
de34a7da-4578-43fe-8bd8-94962e96cab1,Antony,Blaza,MD
a913c8fd-0017-4956-877d-dfa84c4c2172,Wait,Mollene,FL
ebf78369-8d59-438a-97f9-7349d476ee5a,Pammi,Rowson,WA
963d7bb5-c330-4d57-9ab0-e39cf329ac69,Isador,Gilgryst,TX
768e07c5-fa10-40e3-b54a-836d19b34a64,Ryley,Ingliss,CA
7af0be13-bcc1-450e-936f-c5a83c5915bb,Katharyn,Pressland,DC
85552214-e4ed-424c-918f-4a23f13c1ac9,Dennison,Melan,FL
9f10205d-52c1-44e5-a3de-611fd90614d7,Marnie,De Lorenzo,CA
be44b48e-404d-4de8-be24-ac4ab46a1442,Hurlee,Rotge,TX
eeefe457-3006-4b1a-a440-0594c6674ff3,Robyn,Duchan,CA
0ae0b572-2ae7-4f93-bab2-d3e63633f0ec,Stafford,Martusewicz,SC
9d1fd4de-18f2-4f2a-bba5-43fb67eaa074,Sheena,Titmarsh,PA
e500f1c2-1a87-409f-a53e-d05661551916,Frasco,Sidey,ND
566f2686-0447-403d-ae2e-fbf23adf1814,Meade,Bruyntjes,CA
860826ab-2afe-4d4e-81b6-1580a27a8998,Pepi,Rivett,DC
88d51492-5095-4dff-8440-2fd94f428127,Loy,Durber,WI
aa66aabb-1779-4066-8682-f5dee0deb37a,Quinn,Cheyney,FL
43a33858-ed2b-474d-a4ae-a81505616f58,Aubree,Sheppard,ID
1f01ee0d-e7ac-4ffb-b4e3-c24609c32ae8,Blakeley,Videler,MD
2f5cb2a1-b5e1-401c-87d2-935291b9552b,Edsel,Dockree,NC
99a5ca14-e7ce-47f7-b69e-e12bca865e69,Trisha,Delyth,GA
7529054f-f8f6-4c61-bf5e-df80f1e7d288,Hasheem,Szimoni,ID
8713c34f-33c4-42ac-8d97-2fc5ffc58676,Kathie,Vaulkhard,KS
64fc6677-cc10-4200-b180-9a405b18072e,Tracey,Cromie,TX
1ab82de0-cf83-4721-b64a-994b8c151d78,Monica,Conway,LA
2b73333c-73bf-4906-b92b-26ffc919e5f8,Calla,Jarad,NY
b9613d1d-1b5c-44bb-914e-06bd4924a03a,Astra,Abry,CO
6fdf4cfa-c7e4-4b87-9424-1f2c9dae0576,Malachi,Sumnall,CA
aca6b51e-042c-471f-b3af-7990e26de590,Kinnie,O'Flaverty,CA
0513c774-b8d8-43b6-95d6-08208942ca03,Olivero,Adshede,OK
e3832c93-70c0-492b-b038-cccc9fb4e168,Zia,Wisbey,ID
f657390a-ef3c-450e-a351-90002e77ac9d,Lucais,Gamell,TX
a300800b-e475-4559-a587-34cbc503dc21,Ilsa,Emes,DC
cef67dc9-5834-47ab-8b10-b5829d815f73,Lois,Marchington,CT
8bdeea26-9e73-4ae8-a448-0e8e3361f8ab,Ashla,Pilmore,IA
65b64505-424b-4306-8c50-3ce616b92927,Geri,Latta,NV
2aa862a5-687a-4af6-b3e2-1aa0ae3ddfee,Alexandros,Rojahn,PA
9f81cdd5-6a0d-4ff0-8fc3-ffb9e510006d,Gale,Leavold,VA
ae83a269-2e51-4c2a-8be9-ef9093043a23,Timmie,Massingham,DE
f54881f6-71fc-4bb8-b908-72226d5790c0,Gabriell,Monkleigh,TX
c1ec6c1b-0498-4012-b9d3-bc4f56fe4b4b,Sandor,Regler,IN
9322ad13-aa89-4edb-b9cf-c4e87714712e,Birgit,Beesey,TX
34666684-904c-4776-add4-fa2fb39cf441,Ilysa,De Benedictis,CA
2891581e-515a-4477-b7f8-0bb00d2c04b0,Fay,Ommanney,TX
c98f90e0-c1b4-4043-9b8c-35fe4f0b75f4,Dore,D'Alessandro,CO
585e193f-49f0-4e02-8b99-28a59f621627,Leona,Speedin,VA
efe2171f-630a-449d-9fcd-cda76a48c432,Donnell,Medford,FL
e1622a26-4b79-4b82-99f8-d036febf1690,Tiffi,Du Hamel,WI
40440689-7320-4cd9-8d7d-bbda07d06045,Gloria,Tedridge,TX
b6a37d1a-fa2c-41d1-9b00-409cb3fb82fa,Alister,Scantleberry,OK
22963088-2bbb-4b70-bf39-c70e96e243a5,Arleen,Dummett,NY
a611eb43-8c39-47df-af87-bb315b722ad9,Bradan,Lohan,SC
59993c27-e6dc-4666-8695-76c77aab568c,Omero,Eneas,NJ
8e4da614-16b8-4124-a78c-63cf2ac5e089,Lyndell,Cayette,FL
366cd7b2-40d0-441e-8ee3-29ca5bf74d59,Liva,Sheldon,OH
3262849d-020b-4509-99e6-337e0e446b0f,Dulce,Newsome,NY
34e378ff-a374-4a40-8d9f-d3f124ec69f7,Yanaton,Bremmer,MA
33776e17-b2bd-434b-8b3c-e2af7a3e9cb3,Foster,Bowkley,GA
712666d1-8b39-49bf-b4fd-b940a1d54216,Merissa,Maldin,CO
69b05500-7ea7-45dc-94bb-53fa5617c39b,Jesse,Cusiter,CA
832924fb-4e7a-4132-9514-1a3293a12a67,Wenonah,Macbane,TX
a17c3172-c129-4b8a-88be-34411534a64d,Corbie,Greenstreet,NY
6c7803d6-0a98-4902-8259-5afaa733cd2e,Cal,McSporrin,NY
ab137f6c-a824-438a-8797-b9ba9c0f8ff5,Roxanne,Stovin,CA
80fa06fc-ccc3-4070-ab44-4fcb76ee503f,Smith,Diament,AZ
776dff08-ae72-48ae-85f1-3e2b24b9f021,Virgie,Clitherow,PA
be3a1f1a-e8dc-47bf-bffb-d4c623db9b55,Alwin,Hutcheon,MN
b762f82b-8ec1-4b51-b21b-bd0ead41c242,Hobie,Wolfarth,NY
863aafbf-400d-473a-b7f1-fc97295d8453,Jodee,Elt,CA
cc74b67e-77e2-40df-9c7d-dae403a30281,Birch,Pods,WV
64f5d423-2db2-4e72-8696-a2525e0ccb4f,Padget,Hemshall,GA
1575eb90-7da9-4801-874c-0c40e91ba55c,Jean,Dreus,MA
7e0109d0-ea99-450e-9b12-228949591c9e,Alberta,McCallam,CA
201b83a7-668b-48dc-89ac-dfb8e58085c4,Porter,Monahan,WI
0c2f5920-e4b0-46b4-97ea-42e3164773df,Ravi,Tatem,CT
cc9bb53a-0a99-4290-b253-3b98d7626387,Grethel,Harradine,MO
13d042da-938f-4583-8ac9-0ffc47f04e8a,Coretta,Filipputti,MI
3a215d67-b0ec-4100-932b-acd9ede538cf,Yank,Arp,CA
b1403543-c02f-4b3b-84b0-ed0647ffd97c,Stanton,Jillitt,TX
aad04d91-de04-4e9a-9f7b-8ee036c4a0eb,Liliane,Freiburger,MO
5a44e4c8-681a-42b2-bce4-24c8db9713a9,Clerc,Broy,MD
91b651b0-74df-47ad-9a06-381aad775a35,Adara,Leipelt,TX
0e697989-4a6a-4b9a-92e0-8fe3f79be5ca,Jayne,Crump,FL
25e96fbb-a58e-444e-b20b-91f8defb2367,Duffy,Frudd,CA
91f5be0b-4b22-43f1-a5e4-94c0a8ef1b71,Celestyn,Pantone,OH
a06e30f0-ef72-4e98-a2ca-48d0e0c0893e,Philip,Grimsey,NM
e9f58954-92ef-453e-b954-95e5d0799e06,Tanney,Shrimpling,IL
dfd9eeae-2114-45d2-806e-6bd5275b4f1f,Michaeline,D'Aubney,OH
f9d345e3-fca2-4a49-9360-6d713b830f9e,Twila,Leipelt,NY
ac48d4a5-b0a5-4470-9532-db4181492f27,Auberta,Catchpole,NC
4e078a14-4c2b-490b-ba6e-a883135ca6cf,Charisse,Biasi,DC
33f8c339-1ff1-4808-a6a9-e550a618e8a3,Vito,McTurley,TX
253ceea2-3fd7-41fd-857a-5feaf6d0694f,Morly,Batrop,IN
b9318509-6b0a-4225-b122-79bc8b38f127,Mavra,Wyleman,TN
5516be3a-285f-4f99-9fb1-409bf4fd6a5a,Peg,Charles,KS
3f18d18f-7041-4370-94c2-3e54efb3be2e,Noella,Perle,KS
bbfcafb6-1a91-4a9e-9202-3d05c1cf0fd0,Nadya,Pinchon,VA
aa7b3c81-eec2-4dfc-afcf-62d71a72aa8a,Jolynn,Painter,NH
ceae14a5-1c4a-49bd-b28f-571fd5687305,Ursola,Eliff,OH
ed2c1cf8-b91f-44b0-93af-d543a46fa2b5,Solomon,Wikey,DC
a9445117-00f1-407c-a11a-bd4bd5c674ba,Timmie,Shevlane,WI
c8b33012-847b-459b-b4cd-b15264bceab9,Susann,Thorlby,VA
77b1f860-d794-45c4-a318-20ae7968c180,Kalie,Legrand,TX
9b92065d-0aab-4706-8f7a-ab021bb1b870,Ileana,Iglesia,ID
0a127610-7485-4612-932b-749be5a9d1c8,Grier,Wiltshier,KS
3b2f7212-8d24-4524-a49a-8f871d951cb6,Herbert,Pyser,SC
e73fc1ec-cd31-4fa1-8d3b-4898aecc50c6,Tiffani,Hazelgreave,CT
7974c53b-ad07-4bd0-8afc-3af808437827,Vally,Garrad,CO
6c33d357-5c15-4c81-8662-aff34d1cc533,Merv,Georgiev,VA
b4aa97c4-5ed6-46de-a103-9b0357989f2f,Aretha,Pedrielli,FL
d15e26f7-f3b5-449b-a755-8e72aa6d5928,Wesley,Marvin,DC
1971729c-895b-4857-b8ea-2ff034009680,Lucius,Ahmad,SD
829e0ba4-298a-4ea4-bc50-4fc4b1efc4e9,Kirbee,Amner,SC
4469c522-fc6f-486b-b921-d411b8af7bc1,Clari,Brickwood,VA
a3564096-5ecc-435c-9f0f-c41cd4f58589,Alexis,Labbet,LA
cc6dbc4f-a7d1-4c83-b6dc-f19c3c017f50,Clay,Blagdon,CA
d6ea5ad7-491a-415f-9959-ddd2a9c132c7,Georgiana,Daviot,VA
5c399199-f2f8-4e13-943a-95262bb9d2f6,Justen,Campsall,VA
12e132b5-d07e-4d29-831d-13e956a2acc6,Carling,Kopfen,NY
b483c100-cdf9-498f-992c-f8e0e59748ea,Grete,McAuley,OH
2913ac0e-3a11-4d65-a0c2-fbe9e2fea9d0,Jinny,Karpenko,NM
1573430d-bc47-4946-b217-4ab8d543f192,Engelbert,Yve,FL
bf38e17e-93dd-4c56-ae43-0d2a2e3b05f3,Gillan,Crowche,WV
54770954-11b4-43b1-be78-c8ed463523e1,Christian,Ballefant,TX
74b83b7d-20a6-4e0d-b540-f2a2b2891f62,Carny,Kingscote,MA
e90ed20c-a25a-4c73-b7be-ed16030efb7b,Rosita,Swadden,MS
cd1212af-ac43-4203-8523-5bd9d19545df,Georas,Skippen,DC
7c05b2c7-37c9-4b26-a4e3-e7a742d408f7,Juan,Blackwood,MD
d1b3ff6f-6cd5-48c6-aba3-1ca914b48388,D'arcy,Korejs,AL
842d18a8-7ac0-4d90-bdc1-7c3733eec03a,Cordula,Petrolli,GA
b48ba632-bec5-4f78-8f7f-0ca9aad50abb,Rubie,Perryn,OR
61ae8e7a-968b-4a2b-8b21-55bd0e7591f5,Taddeusz,McKag,TX
375fdfd8-4245-41c9-b1e7-6b29c2e8f3f0,Dalt,Leadbeater,ID
12803e1f-0260-4bf9-91e9-dc6e08223e72,Roland,Freshwater,AL
745396d5-8f9f-41f0-9ec6-df1825a8d3d6,Ashlan,Wehden,NY
8c2d0976-9d6a-48e9-820d-4ea4c0ce4778,Joye,Levesque,WA
36bd820a-3132-4190-86dd-a8465b65fa40,Etan,Mabon,TN
2a68f3e4-dce9-499b-b92b-1023cdfffd22,Elsbeth,Petzolt,AZ
13af908b-1265-4b0e-9426-e0242aabbf3e,Griselda,Franzolini,LA
1c6c281f-38c3-40d6-b62c-2b9c7e58d732,Hayyim,Moscrop,NV
d9603eeb-59fc-414d-b67a-d04d3761640a,Karolina,Backhurst,VA
456ac097-fbf8-4e95-9a54-39699dc60958,Jacquelin,Willers,DE
b7f44e7b-4cbd-45ce-a4c2-a652a4504f8c,Lindsey,Coots,FL
264b2c78-46bc-4378-a4c9-4f271d28a694,Lesya,O'Dougherty,NY
615622c6-3b03-49f9-8169-49333c617e3a,Abie,Thaller,NY
8b10bb99-2fb5-44f6-92c7-d4f89491b276,Prisca,Watt,AL
0293eb6c-a547-4e3c-8885-981a726008dd,Parnell,Boissier,IA
93f61514-b1d1-42f4-b71a-0c9afe5a95a2,Trix,Rizzardo,AZ
c9d048cf-2f46-4dbb-a331-23e69fafc64f,Artus,Baselio,VA
cb766a12-55df-4852-8f8f-1b7dc0fd3123,Ingmar,Anthes,AZ
b34f235b-6d75-4718-a235-74029fa6be47,Manon,Reidie,CA
1328d4a8-34b4-4ce6-a62e-05b0d60b071c,Bobbi,Trulock,MT
ca7ec395-0c39-4933-a9a6-9f04e740d56e,Rosmunda,Grix,TN
ce38ccb3-424e-4b34-9b12-ec40d2d4d769,Henry,Chalker,LA
97f84350-1ad4-46f1-8a20-5103f0726477,Erminia,Whithorn,OK
872a7426-a31d-4045-b846-595f37680c29,Myrlene,Calverd,WA
fdee476e-fc12-4804-bf10-dde4cd3249ac,Odie,Roskams,OK
ef523324-aff8-49e0-8b64-33f495cbb295,Cyril,Grassick,TX
d8764018-50d8-4490-9178-e471c4983a10,Moishe,Hardisty,WI
9fde32b5-5de3-4d88-a4a6-e9b540bb5ab5,Tanhya,Jirzik,TX
053e8a36-e8c7-40cb-9644-db1c52ee8d99,Beverly,Plevey,MI
ea4ec99c-0a7a-485e-a76b-3bfc1f59e35f,Joellen,Mc Gorley,WI
cb68c9a3-0b70-47d3-96b8-ba97a05a734f,Lilla,Saundercock,PA
b1b18540-ed3f-451a-b7c2-17c5bfc74e53,Georgeanna,Shayes,VA
ac069631-4ac4-4e67-a4c1-0aec8d523023,Chantal,O'Mahoney,IL
2a0b0c46-7959-4d30-b38d-53e5bfa61e82,Dominga,Baldacchino,NC
8c3083ad-5e6b-4187-80c0-2f954ec4fc59,Berta,Cornely,MD
60a6cb99-e765-410a-b5a5-677d36dcca78,Huntington,Hobbema,AK
0de92d97-2dea-4270-a607-c8c30f8a8d34,Fancy,Meadowcroft,KY
8ee8bfcc-d397-49b5-a5b2-40ab7cdd12ad,Giulia,Fillon,OR
a425925e-c9a9-4e8a-af0a-ea24aae04a34,My,Romanet,PA
34b11403-ae28-49cf-96dd-cbf23851b890,Stefanie,Pancost,NV
34c10c0d-c13c-4569-9704-01c2e58679ad,Marissa,Garrettson,CO
fa48b8be-2c24-46f6-a37a-5e96bcb0d9be,James,Trippitt,CA
7a7690de-900d-4c6d-b245-65b067e7fcf6,Lenci,Leake,TX
04e6b13b-d3ad-4903-a778-38e3501c0f26,Marjy,Lambswood,LA
057081dc-691f-436b-a986-3350d6e61da1,Cristi,Trewhitt,PA
cbed8aa5-fd11-4048-a9b3-6d62c56388a0,Elayne,Meeland,NY
3fa187bc-0774-4533-9f9e-48011204d8c8,Jackie,Parysowna,WA
d7406ffe-6f96-4d36-b1c9-521e70f15fe6,Blithe,Woodcroft,TX
0c647305-b6ed-479e-82e3-4224b33c9347,Honor,Bedbury,VA
b97fbdd6-a5b2-4d63-856f-cf98d6544f55,Arel,Carvell,CA
f8ebd62b-82e2-4a91-b9e5-d16ba6d1fd3e,Clemens,Cristofol,DC
64d44c9f-63ee-4447-b9d1-5d08703baf22,Conny,Meeus,PA
0be074fc-12e8-4394-99f3-b2696a410035,Dav,Cure,NY
5dd62291-e489-4088-9712-f214b5a79555,Abbot,Wishkar,TX
4400a341-fde3-462c-9d40-f112a34c44cf,Mehetabel,Prozescky,CA
ba69cbc4-6a93-4fb3-aac6-6a34ac05aecd,Selig,Ziem,PA
d2b97268-351a-44d2-a0b8-a537c20d10ac,Corby,MattiCCI,TX
df5b378b-11a4-4f4a-817c-9cc898454624,Bibbie,Joselin,MO
0d32e39e-8e0b-4ba9-963f-34d85ddd5037,Willyt,Warrick,AZ
168aa3ac-590c-4b5e-a5be-73dfe0948ec7,Davidson,Harkin,WY
92cde88e-461e-4f2c-8f15-7f3ade3fa4d9,Normie,Mockett,PA
35d86346-5d35-43a8-ab8d-503fa826cbff,Imogen,Beevor,AL
6bafbd9b-e2e5-402b-9f6b-c34893eb1b1e,Flin,Kenryd,ID
c023d379-9b30-43c1-9688-330578b8d501,Allis,Whitesel,TX
e51f48d0-5fb9-4d4d-bd71-3c5e2df8639b,Trina,Limpenny,TX
4b6ec0f0-6f02-4cbc-8873-d5fca6142c21,Karly,Willowby,VA
7c104663-149a-4a17-91b0-1a909e13db06,Berty,Briers,TX
871f8da9-3b97-40e4-9165-fbfd01c2924b,Zsazsa,Hyrons,NY
38768821-f6b7-4379-914c-13276ece30df,Cami,Sorsbie,OR
7e341011-f90b-4fd0-8311-b77b76c1f8bd,Minor,Pryn,TX
cafb0d8e-50c0-4d15-b219-dd16e7673903,Ermanno,Musk,FL
e52dceb6-8fc9-4f68-a23e-8e8bdb753371,Gustaf,Busswell,ID
3d98dc58-3a86-465e-b6e7-5b0b5787036a,Padriac,Bour,ND
551365f7-1395-4f92-9ed3-0b8e0d9b1870,Gavrielle,Lovel,SC
a6e7ee0a-54af-424e-bea4-6a427f6acea6,Larry,Topling,CO
b2d69e08-8c30-41a8-b15b-048add600dac,Ignazio,Cholmondeley,CA
1ac310aa-7ea2-4147-9f15-07f27d5673ef,Albertine,Graddell,CA
e8c993e9-58b1-4569-a13d-44a49b3973bd,Herbert,Kingham,FL
13a33847-870e-4964-a1b5-8bb3e3cd062f,Nelie,Haseldine,DC
b98efca6-5abb-492c-8938-39fd1f930d72,Lissi,Vickerman,MN
98e102da-a29d-4a8e-a1a7-606c4beff8d2,Cello,Cron,LA
62423b3a-1dba-4bbf-b17a-ad474ef53ab0,Marsiella,Liddle,DC
fc78a478-9bf1-4b35-8104-f4b161d5207d,Barrett,Jowitt,PA
724d9d62-2806-4ab3-afc9-de3d0fb48b9b,Ricardo,Collis,FL
58d3a3f7-47d7-479d-8caf-88e183f85852,Ryann,Bateup,IA
3527fb8d-69ff-4865-b8be-8836ba6ab4cb,Skipper,Trimble,CA
b4347c20-7360-4e2d-8cc3-325cc7160b81,Genni,Alphege,AZ
dea0d3e4-b6ed-489e-ab3b-252691b7d246,Bev,Kleinhandler,VA
8d99a1f8-2555-4cfc-bd7b-468517c69b8d,Patrizio,Laboune,TX
d3942e3c-5665-4a71-bdc1-5620b86c4d0b,Luce,Edeson,TN
d3c753eb-552d-4390-a620-c492b3c7bc18,Dyan,Stonhewer,LA
adc3247b-459f-4098-b055-1ab3033afaa7,Phylys,Bristoe,GA
678592bd-87b2-4eb5-afda-a35fc8f3e398,Meggi,Abramovic,CA
2609d1ec-7141-4ca0-bda7-36c4ea68161a,Parry,Lyddyard,CA
e70d47a3-d93d-4c37-9d91-3cbfe9004f3b,Godfree,McClean,NY
89e4de04-245b-413d-ad60-4195f189a2f2,Winthrop,Murch,SD
45a96436-44bd-4dbc-ae28-28babc7b8c1d,Karon,Gomby,CA
c39dc989-8763-4b6a-b0e3-7aa7dcb506ab,Rosette,Kestle,WA
014f706b-661b-46de-8064-e486964f69a8,Krishnah,Le Fleming,MO
16b6c924-0ad7-4a36-9a9d-ea25d701fcfe,Gladys,Macbeth,IL
9b12b098-2eb7-447e-8a56-5b0ab13fd859,Allistir,Rainsdon,IL
d0855247-6fcb-43db-b29d-9b8412cb4beb,Maighdiln,Friend,TX
43023fda-9265-4b32-a40f-01990651d125,Carlotta,McKendry,FL
5191276a-01ea-4590-97fd-4de364f6ee48,Mike,Clipston,TN
a63c5b98-b269-453b-89b0-6e43453b4809,Alasteir,Athelstan,OH
740ad671-5262-46de-9e53-b8eb61d56553,Reynold,Sheavills,WI
8c2c14da-361e-457f-925f-c4d5733a2b81,Ritchie,Sibyllina,AZ
4f4fddb0-1342-417e-998b-09d409eb5b5b,Gibb,Gocher,MA
303afb89-ebb8-4602-983b-0c64b974bea0,Shae,Jordan,IL
526fc96c-c7e7-49a8-9236-e5974197eab0,Katee,Ginley,NV
ce643d7e-5e82-4dfe-8665-cf0faf503fbe,Kris,Pendrigh,FL
89a31c9f-4b7f-4588-9771-da6128daf710,Felice,Mattam,AZ
bd7fff03-9b66-4297-b234-e0a2824c4572,Alena,Satterfitt,MO
098bdb01-4bd2-4c03-be5c-b462047eb052,Charlotta,Ginie,MT
4f0aeaab-8cc3-4eca-9519-6c7b13b0c1fc,Guthry,Hankins,SC
b685c6d6-f27d-4170-a26c-aed7e25c47f3,Maribeth,Lavalde,NV
74b150a4-7414-4233-aadc-b6a09e552070,Janetta,Gittens,NM
a080eda9-85eb-4770-8445-4d1a33b18617,Durward,Bagg,CA
5563c709-15fd-4bc4-8310-d414a40b0392,Cathyleen,Spiby,WA
a4e77262-f7af-4ec9-95a3-d58d8378609b,Nate,Braycotton,VA
5b99e091-a321-403f-a3b3-b6084bfcd514,Karyn,Jacobowits,NV
a73e4b7c-0691-4387-8925-b03073284bf2,Nathalia,Trimbey,OH
1a201613-c698-4ac0-a6df-b8559d6dc4ee,Perrine,Liddyard,TN
760b2fc5-9d4b-4454-938e-4c905a4090bf,Malinde,Holburn,IL
23fe898f-a773-44e1-b79b-fa3ecd330c98,Yolanthe,Cases,DC
ea51c7f1-b2e9-404b-b351-79066cd36788,Mathilde,Darlison,OH
6145f586-de89-45bd-97d2-5e81eed3be61,Lib,Verdy,DC
7e5cc0d8-f9d7-4ede-8aad-37aa5c56fa95,Mateo,Conibeer,DC
84f214b6-36bf-44bf-b5d3-6b6429359779,Otes,Kinson,OH
8069d171-df5a-49c9-8653-490de326d1f0,Pepe,Fragino,KS
75cbc796-07ab-4be5-956a-4c78b7b61a6a,Jeffie,Calan,TX
338f5699-0953-46fc-9803-ed2648ef954d,Deeann,Saxton,KS
62649dab-10a5-4f9b-9a46-6644c0079cf1,Ainsley,Hovert,CA
e9d37e22-dbea-4bda-817d-e89bc1867a96,Virgina,Curedell,NV
aeb650d2-6c8c-47d5-a34a-3a6a96f05b77,Nanette,Birkmyre,LA
3e6acba5-f6c7-4ac0-bd5c-414452bb982e,Henri,Farnfield,MN
a0ac56d2-fbe8-4d81-932f-359b39f9f951,Henrieta,Raeburn,FL
5d840b82-a7bb-4528-9482-80ec62476b7b,Amalea,Weekes,TN
b6d4db1d-5588-4d42-b898-435a128cd749,Marget,Duffan,FL
ee2297a8-e718-4e21-8e01-2e203224df32,Daphna,Forestel,PA
974b2b8c-4775-4627-98ca-a08eb2e9b358,Rea,Wessel,MN
4d735734-61c8-4c6d-b0f4-e05ab6210ecb,Kikelia,Stow,FL
5b9512d4-505b-4a36-a53a-810a6e943c87,Lurette,McIntosh,FL
b87d8686-7cc3-400a-a5eb-6cd6d78d213d,Braden,Hissett,WI
8417d602-88ce-4f6a-bfaa-dfcc4ce51948,Corie,Hospital,DC
1d1b0837-234e-4534-9d17-84a7f89b0c9c,Marietta,Klimsch,FL
ae23834d-f5a9-4fbf-831c-6cf54afda44d,Tarrah,Rasch,IL
7971c83b-84ba-43a6-be7d-d68d86bee8ad,Yankee,Headon,TX
3c5c2e5c-c048-4b67-b3bd-1907546bc487,Charmane,Lukasik,TX
2b630406-d167-4ab5-979a-aca22395d952,Nap,Ough,CA
e6d4f742-62b6-49de-9004-d24cf4332fcc,Pierrette,Kaysor,MA
445ad9aa-4173-4d4a-84d5-d4436fd71d06,Cammy,Muckeen,MN
3b4f91be-0c4e-4124-a6c6-4043deb39cfe,Giuseppe,Capstaff,CA
9d29f021-aa94-4263-81ad-8798b2c9ca3a,Kizzee,Washbrook,AZ
98e06a87-08b3-4d82-a866-435acd2dd628,Ardelia,Hugett,TX
76077154-b1ae-4e0f-8a8a-2357c498ae9c,Orran,Tonks,FL
644ee1e9-d8e1-447b-b502-fa675712d745,Jordain,Blinckhorne,TX
b43b0015-4dda-4a16-a0a2-d2eb3ca1c454,Leone,Dowda,TX
8c6f6047-0039-4c72-8528-25560a49cdf8,Burty,Klewer,NC
61f099e7-8206-4130-a87e-44aad46e2fb3,Henry,Wedderburn,TX
7d5fade4-b056-494a-91b6-f12cc410319b,Delia,Currum,MN
10ef239a-103d-42a2-a87d-49c8d45da103,Bernette,Wivell,AZ
0db2dee1-5322-40b8-8f7c-5a16bb203ba2,Betti,Brookfield,AZ
012b5969-c420-4355-b983-ad1ec0d69701,Reginald,Ewen,CO
da4daf59-1f0f-4bd0-8306-e478e5f48769,Gert,Harries,WV
38531f74-da6d-44f2-9e9e-638c1eafc1db,Robinet,Kerfod,FL
7b375ae2-2855-447d-b868-e3fd9d7217c6,Marcus,Slym,NV
ccda9819-91d6-49c3-978c-f51ea92b90b5,Jemie,Ritchard,OH
0977db68-c103-4527-b9f0-295a783f1dca,Lisle,Martinovic,MI
ae91f5cd-cd4f-4988-97e5-86104337030f,Jaine,Tunnadine,MS
e3a7dc9f-56db-4e38-abde-ab73a0b18d5c,Ardath,Gittose,OR
02f09a5f-f2d2-4a9a-b4ee-2008f28fc379,Tadio,Pymar,AZ
aeb61c9b-d2a1-4e3e-adbf-9d9aecfef140,Rafaello,Schanke,PA
348050ab-fa32-4599-a6e9-eae0acf8ddb6,Filippo,Farnhill,NE
278e10f7-e1c7-4b20-bc06-8e60c082b9f1,Nobie,Thorp,MA
684c8c65-8cab-4fce-82d7-9aeec6fe316e,Cammy,Hallewell,NY
e4c92f0d-071a-4356-8b5e-23ff603fcb7d,Ced,Lacotte,GA
fd4493d0-4da3-4703-a698-d7f1b7d176b3,Bard,Luthwood,VA
7146878d-02c6-4400-b098-f18a5e8ce849,Margeaux,Crabtree,NY
344ea688-a994-4265-9b8d-e8acb5511f2f,Karlotta,Raywood,IN
73a25be3-4ee7-4006-b3ba-cc1e3aa40b32,Peta,Emsley,FL
9bd3cc58-7421-4d49-b9c2-c6894694fe15,Dosi,Ayrton,CA
35b29c77-b742-4a67-80ca-c48fd4a926de,Donni,Andriulis,FL
1fd118ab-129a-4fd9-aafc-9106512ccf34,Wenonah,Whittier,KY
4d13bc85-a82c-479b-8a12-e6c0d946880a,Nanni,Neasham,MN
d07caff5-b1f8-431a-b5db-0727a8d03494,Lori,McCrory,NY
fe0a8923-633b-4ee5-a280-5fbfc14887af,Wilhelm,Prewett,NC
d94d9252-de67-43ea-864e-b0fc23b4e4d2,Kandace,Trevenu,DC
6a682e4c-3f5d-4728-a3f9-f55b8fadc14d,Lina,Klesel,TX
5da007c2-9ce0-4bbe-98f0-d9f93a1e239d,Timotheus,Szubert,NJ
5ac15b2f-62ee-4adb-8845-d98ae8059ac6,Korie,Rudland,NV
308d83cb-c6a3-4b2c-9b7e-ef37a3f65d10,Edlin,McNeilley,IL
abc8c202-6197-4030-bb68-00f4a43a2f84,Janeva,Jandel,TX
ca69855d-e076-480b-a146-3568b748be50,Vernen,Perford,NC
0cff604f-f2ad-4426-99c8-87cb578e85a9,Zack,Kornyshev,OH
160bd5d5-04d2-4f94-afb4-158624cf7cc5,Carola,Drews,CA
29fbb13b-140b-4ed6-ada7-98e165b609dd,Darla,Paggitt,MA
abe25647-c289-4fdb-9d7e-3e40f54f43a1,Vaclav,Adney,NC
f77d91f1-0d68-4c1a-898b-36bcadaedb41,Raquel,Giacobbo,LA
fe030ac1-f5a7-4110-aefb-dc4b37e1f8d5,Willamina,Fernley,LA
b48589b6-69b3-4273-a961-ca79f07269f7,Silvana,Vasyaev,UT
e8a82d4b-b41b-4915-a088-a7cca65ac088,Lari,Spurrior,SC
5fc09971-7c3d-457d-9891-839fde9067c1,Dido,Gulliford,CA
21c41e57-d462-4735-a1f4-e17a3b9c4fcc,Pearl,Thompstone,CA
dfe1c368-c32e-4900-819f-13eb7f6e84df,Annalee,Pass,MI
03af3047-0bce-43ff-8b09-9c224e1c3f87,Brenna,Ritchie,OH
b859a19f-121a-40ce-8143-06ac713db569,Natal,Yushin,WI
57234850-ba1a-4b36-a7fb-01f327cb3b67,Udale,Swindell,FL
f758c9bd-319f-4234-beb9-a9c87f008352,Jonell,Tittershill,TX
1d4dc8a6-85ba-46d0-8cd0-1973fcc18663,Patton,Brockton,OK
98626f4d-3914-427a-85dc-ac01765deeef,Kerrie,Peterson,TX
27579888-5ea7-47f8-b97d-29d45b907a09,Wadsworth,Pesik,CA
717f3cd9-9e75-4abe-882c-3239358ced68,Jackie,Eiler,GA
e6ed4e68-ae77-4315-afc9-a5c72043e1e2,Isabella,Miroy,OR
6144e92d-78f8-4d59-b0a1-fd8656fbc302,Farrand,Andreotti,MO
8eff7f83-e74a-4aa8-a69e-7036ce554792,Nicole,Amberger,KS
483079b5-4411-4401-a4d3-39010ddd1130,Lilia,Dalglish,AL
e3dd0891-9cbc-4179-9d9f-959942a0b8e1,Stan,Triggol,TN
ba3ce153-99b0-4e5e-aa69-dd0eb8f8352e,Patrice,Visick,IN
07af6f37-1e7c-4b72-ac5c-4b1e855631fe,Chloe,Cardow,AR
729f0291-7e56-4aa4-9002-01382b796664,Damara,Ghidotti,OH
5b2ba011-d154-4fc3-8b2d-cc28ce4b13aa,Mateo,Extil,TX
ac8733e7-1eee-4168-b379-b622feb930dd,Cordula,Chansonnau,TX
4c9b4116-ebe0-4f95-8c87-abf55a8d2708,Napoleon,Luigi,FL
96b57826-b709-4d86-bbd2-439d0af51204,Palmer,Hentzeler,PA
553985e6-15b6-461e-9da8-ab30278cb769,Lynda,Bains,OH
9ea012f4-db76-48db-8fb7-129437b8587e,Hort,Van Zon,LA
3c8ec6b4-f079-4d24-a117-293e1417c04f,Ryun,Quant,TX
ece4fb4c-448c-4832-9c2d-eb511b2babd5,Malorie,Matton,TX
cd5efd0e-eb65-42b9-9d80-557c0d05183b,Claudian,Dignon,FL
021ed875-09b6-4915-a968-d8e00df03681,Kailey,McGinnis,VA
2591919c-0c6d-4f7f-a5e2-99a5dfb20175,Feodor,Utridge,CA
20251205-0c3c-4169-9057-45dcdd8545ee,Gregor,Jerok,CA
59ae4029-c19d-4b6c-a711-79693907d786,Sonia,Seamer,KS
4fd06c61-5004-49f1-8722-5129d7018c83,Gris,But,FL
9a4d2f0a-e8d7-455f-8289-06b5704a53c5,Brandtr,Affron,GA
f719d704-b662-4ecd-a22d-57b7bc5e95d3,Franzen,Bohman,NY
768bea54-dd31-4226-b370-5f8918640290,Suzy,Rapp,GA
3d87ffe3-dcce-48ed-b959-9cfd4c8b65be,Vale,Dries,FL
4cfe69a8-6b7f-4010-9775-8c76ccded3e5,Blaine,Prugel,NM
39d3fbd4-4f10-4956-a793-b71e0f75b8fb,Ines,Couling,CA
f147be4c-4779-4c48-9109-58a12fcabf2a,Feliks,Darrigone,HI
6ccb3cd2-f682-4e51-adeb-7fbf175f642e,Chauncey,Burth,TX
3ac9b6f0-37ba-427b-a799-8bdc0915b9fb,Jacklyn,Bootherstone,CA
0cee80f7-351a-4f43-b7a6-535665115dfd,Eugine,Street,NY
89041658-a5aa-4977-8755-7a4dcaf1f7de,Lissa,Hartshorne,MN
e5f022d6-d191-45b0-bdc2-eabd11dbc49c,Antonella,Alfonsetto,OH
aa407051-9b84-4a6b-8ce9-763c9f3330b6,Jacynth,Tinmouth,TX
c63cf7d7-ca97-46bb-9b45-5ef38aa94dd8,Perry,Senchenko,IN
5233849b-04eb-4a19-8cc5-8bc632c7603c,Margareta,Tew,FL
7ef93f7e-303f-4f6a-a781-6aabca80aa9a,Maryjo,Beardwell,GA
2f432f54-1361-49df-9346-74ac86eec75a,Raynard,Wheowall,DE
dd7875c1-028f-419d-9720-31b06ac8c078,Brandon,Zahor,MO
74046f8f-42df-473b-80a8-5a01c3e2a672,Alfie,Roskilly,OH
7f42fb2e-08b3-47c6-a31c-24f5ddf50aef,Delbert,Whiteway,NC
88200946-4fc9-4e09-840d-de589c6005d4,Sibilla,Leathem,MO
cbf62356-a9c4-43ef-bfc2-e4a7b9a4767b,Daren,Coatsworth,AZ
a77148fa-24f6-4fe9-ba25-f74d40acc9c5,Perrine,Kitchenham,NY
58b5b53f-2c6b-42f1-b4a6-c49089195b4b,Jeth,Capron,NY
46d22546-4bc7-47a8-b6ff-ad5c6898881e,Lettie,Whorlton,TX
77c8e8e2-f201-49d4-ad79-ad6ff144daa4,Adlai,Rothschild,CO
d9bf9242-d52d-49c3-80cb-81ccc6d55731,Roobbie,Chasmor,TN
5114cfd9-f50e-4d5c-8cac-9b203d411a42,Bear,Eastman,MI
87942f9a-45d8-47ec-8273-ff37afead5ad,Abbey,Gagen,CA
cbc768b4-8df6-4627-8b1c-b58285d2786f,Holly,Blackwell,IL
4dac2a12-3d91-4b42-b2ef-14db28c9b569,Lisa,Rolles,TX
ccf627bd-ccc5-4598-b005-3529e487f67a,Anders,Hassall,GA
e9e9613b-28f7-4a6f-9a08-8dc044d4b570,Zarla,Adamiec,GA
c4110730-6660-402d-8a32-34f063913e8d,Dorene,Gresswell,ID
5268916d-0d02-487c-8d6c-b2c33d0662a1,Derwin,Whibley,CA
e042e016-ee6d-4535-ba17-03e2a7dbfe69,Tyler,Klug,GA
26bbfc25-fef5-4520-9852-57701fbe1932,Camilla,Lawday,MS
98f7832f-ca83-40c6-ba01-1d85b0d126ea,Trude,Peaurt,MI
80bf58fa-7fb2-42f7-ad38-4214dc0c0de0,Wendy,Showell,OR
c90b8bb1-dfd0-4b9d-8547-9cae822e3408,Elyn,Grainge,NY
2c21783c-8fe8-4eb3-a08a-f70e37df7851,Concettina,Bridel,OH
dd80fceb-18cd-4b1c-8186-da025b4de79b,Lucy,Doy,OR
d423112e-6451-433c-9f43-031d5d5466a8,Libby,Sammon,DC
90d05aeb-25ae-4d2d-aeab-4ca541a9dffb,Miranda,Widmoor,IN
0c1fe2ea-5527-4e7e-8cf6-8d864ed4bdda,Morie,Botton,CA
4919b083-0623-4b3e-a185-eed9261962e6,Bunny,Storrah,WV
fbed19d5-a03c-4109-9b9c-fea7fbdc8cf9,Gustavus,Langtree,CO
27367e75-efd1-42a1-aee5-c4e2cf6b924b,Julietta,Van der Son,MI
d2081829-d381-45c2-8d22-b3472cfb27b8,Tirrell,Cambden,TX
bc4afbfe-8e29-4c37-9a2a-55617f877d0a,Dasie,Folcarelli,CA
7b47af09-25e5-450a-939b-8dbe6238d17a,Morly,Gymblett,VA
1989fdb4-959e-4eaf-9927-5333a81693d1,Nola,Wernham,AK
611a9fc4-f06a-43f3-953e-f32a9f4d4d92,Brok,Wesley,TX
14960025-e056-4f9a-94c2-68fca6bd6670,Kathie,Dunhill,CA
d4b70e8b-6435-43cb-bf8e-880af5dac33f,Gertrude,Caen,CO
6e3a3704-709f-4cb2-b24a-f78d7a904477,Nels,Mackley,KS
cc95cf6d-15cd-4437-a00e-cd6899b5b3ed,Gareth,Garmons,FL
0bef1a07-9cd3-4944-a247-051c72657ec7,Juliann,Daish,PA
383d14b2-1a5c-4fd8-bf5b-ff0e64a758a2,Baxy,Tight,UT
39372a9f-9e8f-419d-b62d-1c8e1c725fef,Sheela,Troctor,CA
7d846cc7-b07e-4ddc-8756-306f4f9c15af,Kaila,Crookall,NY
34de2414-3198-4473-b3f3-79328d11205f,Carey,Larmouth,NY
658b0594-5f49-4ff5-aa32-3ebf1ca9011f,Randa,Tallman,WA
430dd3af-4294-473d-8dde-1d2ca9f6d69a,Pammie,Cawker,NY
7f9e1861-9160-4717-a7b9-4e02d3431fa6,Minerva,Antoni,MD
f883f6db-9aaf-4cfa-8b72-34f088f195f7,Yulma,MacCourt,MD
ba4828be-d3d9-4268-9adb-60056e36fe23,Dana,Uren,IL
62ce65dd-3468-4c77-a0a5-cebbe87d3876,Benedikt,Gameson,NM
7a05dfa7-1dee-4343-aed8-b7160b03c720,Florie,Charlick,VA
b3059d3c-1223-4a33-b9f6-56f58334cfde,Kimbra,Djakovic,IN
eac4f277-5973-4ac2-b6aa-1a028422eb02,Arleta,Grady,OR
4f53b638-f9e6-43c5-861f-61c37e1d5040,Crissy,Alcorn,MD
05d1c729-55a7-4d3c-8cd3-ab1f9c35d436,Ravid,Lyokhin,AL
853d1642-ddf9-4533-a505-b7f779ba0c01,Yorke,Scardifield,CA
b1c43a06-fc9a-47ce-a4d4-b8e5e9fccc00,Camila,Fosdike,OH
ca3db826-f0c5-44c7-82e9-e1e9f83dbce5,Carlos,Brunskill,PA
397aefe7-b344-4103-b239-8b89689b0645,Aubrie,Kenningham,CA
4442694f-3b85-40d9-8dd5-d77da8fb3288,Maia,Madge,CA
734bbd9f-fa1a-4f25-81ef-9bd828acfa8e,Viole,Libero,TX
2d8a90d4-f6f4-4124-a9b6-12e2b1ca86d7,Dorrie,Fremantle,AZ
627c9163-2d6e-4338-8a55-7c8d73e6c123,Ianthe,Devote,NV
8c712c3d-0dcc-4aa4-a488-b7e0af7e35a7,Muriel,Woodfin,TX
8cfc65c0-8c1d-4507-b4ce-245fb4a6ca64,Carly,Westcar,WI
49be6b7e-64ff-42cc-a42e-acfdcf4bd44d,Lea,Edginton,MT
ab17904f-992c-4423-bbe7-319999b9faef,Gwyneth,Wiggington,KS
0944b298-3ac2-4693-bf58-ba29a88cd7a9,Carlynn,Jouen,VA
93259d93-2f84-4d77-9c08-32f5132d1fdf,Beverly,Panichelli,MI
efa14033-8d88-40f5-a6e8-57a5eb8c568d,Silvan,Tournay,TX
5f28ef5f-669f-408b-93c1-6b1659bb2ccf,Dimitri,Ridges,FL
30a84e0a-2d08-412f-bd96-ae97385ba5d7,Marten,Phillcox,TX
06e918f6-21d1-4df7-9439-c05d5e022fa1,Sergeant,Thackray,IN
408469ba-18db-4ca7-ad6e-c69102afc68a,Ethyl,Lange,CT
b356f810-b862-4718-975c-cf019e0e6204,Darnall,Thomesson,CT
4c55a7bf-5e29-404e-a34b-0c3089616c7b,Tiphany,Stevani,AL
701c5ead-c8ad-46e7-bf8d-28647b75e5fb,Vonny,Freed,WA
949be215-6609-4683-a7de-a697ac00b66d,Tadeas,Colenutt,TN
86ac6f63-d942-474a-9ef2-3880b4108a98,Jemmy,Glennard,CA
64f4b1a3-dd5d-41c4-8859-26bc7ce3f790,Bernette,Moryson,FL
add1aa87-de3f-4620-a84b-e0e384ced767,Adelaida,Tumasian,VA
fe925e67-923f-415d-ac2b-82508cdab7d1,Niki,O' Molan,TX
21739a8e-2946-4fa0-afe7-09b1e083c09f,Harmonia,Cavanagh,TN
48f1d92c-09d5-4c0f-9d1b-ea115ad9cf77,Ronda,Garrett,PA
e725dd3e-7a70-40a7-8429-06f56eb4a631,Drew,Chesterman,MD
18e0d82c-fc7e-44dd-8006-2ef1d2aa3be4,Nariko,Clow,CA
287d3097-ad99-4bd8-a971-c2e4b824605a,Thatcher,Bissatt,TX
6be836ae-0a21-47e9-8f4d-29bedf7870a9,Jerad,Tomaszczyk,TX
79d06d53-d430-4002-aed4-62509297f28c,Tallulah,Defond,VA
eae3f011-6526-4dd7-be8b-3aeae8f4a365,Diego,Gages,CA
2dfe4298-34f1-45d3-a6cd-33931e698976,Chantal,Scrine,LA
4b50db2f-bb74-4402-9aa9-9e7c3ddeb59e,Lara,Bakeup,TX
d08726db-dcc1-4ae8-b59a-85d30b1868d3,Heath,Anfrey,CT
03c43b44-3517-4f60-a39c-66fcdce0d41a,Ozzie,Rayworth,FL
952ef83a-3db2-4465-a040-e105cd1e44de,Leupold,Park,IN
2188811d-1cea-4f5a-b28c-617cc007ad97,Alanna,Matveichev,IN
511b7b14-56c3-4f6c-969f-69d21ae76597,Modesta,Menloe,GA
92946928-1d21-4d99-866e-a5900d663308,Vilma,Learmonth,FL
5fc463e1-1f69-4f29-a174-a54778d664c9,Fielding,Braven,TX
9ad639b4-6bc8-4282-b246-751def7497fa,Ardine,Spenclay,GA
4a4c568c-bf5d-422f-b0df-6ead1ad95115,Ravid,Dews,AZ
b8ce5eb1-6d12-4a5e-87db-e3a0fe677e64,Meir,O'Neill,TX
73a07a09-447d-4139-a6ef-bf80faf014e3,Gordon,Lewnden,MN
ca627cc5-f463-46ac-a8cf-a7067f220802,Vania,Dimitrescu,FL
db75a457-6268-435e-ab73-1cb414021ce8,Jania,ffrench Beytagh,WI
dc6a71b1-5172-4d3f-bfbf-357b3c40044b,Joline,Grosvenor,MO
eb82e29d-9232-4f06-bb34-b4e8f6ab4dcb,Fabiano,Behrend,LA
086f5b1a-2791-4f86-8549-d0f75a75ec03,Wendi,Digby,MN
a1fb68e8-8e91-4497-b320-03ebfe7113df,Alexine,Oughtright,CA
4086c4f9-25ba-45cf-a0b3-723701f1d175,Marthena,Blaxland,TN
9de4c8ca-7eed-4683-9f26-8bd7c286c009,Kleon,Mill,PA
b1f1a2a1-b3ac-41ca-b018-f2f5be3be979,Shannon,Nusche,IL
bf486b4b-9e42-4f51-982d-3b56369b82a0,Izzy,Toffoloni,AK
f6e57055-a2c6-469d-ab08-4d8a2135c8ec,Iseabal,Veart,OH
4d38e50f-35a0-4987-bec3-99a68032fb2d,Wylma,Howlett,KY
5de80264-7635-4735-ab2c-621d7d51b7a4,Maighdiln,Conre,NY
ee20fc6c-051e-40a9-94d8-553630d4a8d0,Leela,Perring,FL
5763fb7d-aaca-4af6-aeb8-360482de0b82,Chicky,Arrol,IA
5614228c-b6cd-4ee9-a8b7-5ab1402def71,Teodoor,Bilsford,MT
ffee809a-d72f-4df9-98b4-1cca74e3bb1e,Sarena,Alpe,WI
ee164eb2-7310-45eb-a815-a81145459268,Lorenza,McKevin,NJ
4fbde51f-ab96-436d-aadd-c2f3a72f1717,Ruggiero,Buglass,FL
31cc7392-0473-4c2f-b0ed-9f2c033463fb,Erskine,Fairebrother,OH
459f9c3f-6d94-47d0-999a-d1a1fc40eba9,Ninette,Hafner,OK
3aaf031b-0604-4ea7-867a-735a2e9d3c96,Jocelyn,Prothero,PA
969f14b1-179a-4607-9d12-b4f43dbea962,Alis,Damsell,DC
7a285b05-bbf8-44eb-9e99-2dc1b4280873,Jae,Doldon,KS
12149b3e-c74f-4d4e-aa0c-b6c75125d994,Trina,Sleith,OK
d164efc4-c53d-4a6d-a68f-84c8d8cb0fa5,Jess,Dudman,MI
2ed4945b-76d7-40cb-84df-2efbb94beecb,Bo,Hymans,DC
1fe7fba1-2ed2-4553-8e8f-5b81a957d20c,Esther,Scarre,AL
4043bd25-9d72-42e2-a1c6-3749a7410b8e,Red,Gout,NY
fe654cce-be52-4a70-8865-e1ad0127928d,Gerianne,Panks,AK
b50aaa07-f845-47b7-9cc7-f266210531a0,Gray,Grzeskowski,CA
7f599b69-e28f-48ec-8d4a-8500f80cef23,Katharine,Diter,DC
7c77ec8a-3afc-432a-b67e-9ba7da846b6f,Pryce,Fawley,CO
6985dce5-4cbe-44f1-bd69-fc3df71d601c,Roseline,Alesi,CA
539720d3-62ce-44ed-a461-a0a17b86ffa1,Rockwell,Harbord,FL
187425bd-44b4-483b-af71-2bea5daa6dee,Chrysler,Hercules,WA
7ed78314-2137-479f-86a2-d07dfeb115d9,Martin,Abbado,TX
dd2cf74c-318f-4740-9ebd-767f312be993,Harriott,Bolderoe,AL
3cd27b7f-c751-4c61-8a0e-667b7146d894,Emmery,Kidwell,DC
af08fe86-6eb9-40ab-8052-ce60e973f6e2,Junette,Tidbald,CA
5a22a7a7-4330-4f78-9c56-205a43fb7bbc,Warden,Vlach,CA
a5b29c1b-caff-4d92-823b-b31d48537028,Gerti,Humbert,KS
2d40df0a-3c65-4375-87c8-fc0b16291c64,Gussie,Redding,WV
e44dddcb-96a1-4273-b5d4-40efea15f0b2,Norri,Genny,IN
9ad2d829-8f05-4ccf-ad7d-561ad276e2c2,Renard,Eversley,CA
0be5fdfc-671a-4cba-933e-84179b3a8252,Randee,Really,DC
02b86495-612d-4477-811f-3d0c800d61fe,Kasper,Davydzenko,MI
198348e7-b5f0-4cdb-9de9-54f39a4ea42c,Onofredo,Sanchez,IN
d305d241-628a-4c42-93d9-f44b2fb2a636,Lucy,Itzkovwitch,MS
b7356a59-3398-4246-812d-78f98b509bfa,Adina,Washtell,CA
fbac9b24-ea9e-4ac7-bc1b-31df00d0c902,Kristen,Bullen,TX
8df1d875-50ad-45d0-b122-0d38fca5afbf,Gisele,Pinks,FL
0f64b1eb-c6c6-4171-9c5f-f8ac88989fe6,Bastian,Runnett,AL
dd139164-d888-40da-8f66-497272607668,Hiram,Pedler,MO
749b6ac3-04db-4273-8a37-bb3725f0a142,Marty,Billson,TX
2517f16e-86f5-4f01-a6cf-bed95ad2cdef,Peterus,Addess,LA
796b6dd9-490c-4981-9972-a82799b77cf1,Wallas,Mountcastle,VA
fd6ff6ca-c128-4410-8a96-f0fe5e50c521,Eadith,Boyat,CA
03b86fca-b897-4bd4-a7c6-c6272d6f1a5d,Roshelle,Paskins,WV
bf6af45e-9866-45f6-9cc8-8a0ed22de19c,Manfred,Cooper,WA
f54e05dd-aa9b-4b2f-8b16-4abd79aa010f,Shaylyn,Cuckson,FL
27b433a8-45c2-4bb0-88f7-6e0148b5612e,Alphonse,Spry,WV
1a8a1f11-d5c1-46cd-a744-810a77959aa6,Fabe,Pummell,CA
79e64638-46b2-47f7-8de6-1b952d40f478,Sven,Toping,TN
632a0e98-7cee-4b23-ab4f-2e6825ec46af,Cinderella,Burwin,HI
37844d0b-6a4e-477d-b94d-77520db7b940,Jeromy,Ubsdale,FL
067b6d6e-cbd5-46b7-9cd3-89cf9db3d766,Ewell,Hardiman,WI
ca6a3a84-c795-4a0c-be95-e55318144132,Karlik,Marquess,TX
439a95d8-f9df-44ed-8350-1b71c3f005fe,Gae,Kewley,FL
5ccc5305-3a35-44d6-8aa6-658ad420c32a,Karlan,Butland,SC
d6365e4e-05f8-4d68-9fd7-6d46d101732e,Regen,Thow,CT
6e74b549-78f8-4c06-8f25-0e7d0711c3d4,Alejandra,Seegar,SC
095d382a-21e8-4b49-a33b-43640a62036e,Benedikta,Proudley,NC
6330ac41-6a57-4a54-8c55-69ad4814e71c,Sutton,Unwins,WA
10ce518c-6f36-4c3e-80a3-4578cb206b97,Ros,Mazzilli,CO
ff024f85-9a92-493d-a3d1-af101f2b2773,Denis,Seakin,CO
7060d92a-03a0-44d5-b6e0-7e286c1537a4,Diannne,Bertholin,DE
bc57ff93-c5c7-4914-a472-4e0c70321d8e,Donni,Lockhead,SC
703af242-e7a9-4587-90c7-0abc7168fefe,Happy,Astling,NH
b756cd80-9986-42af-a87c-03e0db735d32,Leanor,Mallinder,CA
c1d5faa1-3ebb-4439-97fc-af01ca5cc4a6,Herrick,Weakley,MN
3fe0ccae-f73a-409c-919e-08e68aaeef4c,Avrom,Gladbeck,DC
07511e60-8249-4e93-ad97-8b99ba69b4b0,Gretchen,Matzkaitis,FL
96973698-203d-4b6f-9757-261c6773d719,Welbie,Tibbetts,OH
c297f2d6-491c-4478-b5d3-62830b4abe31,Petronella,Gowdy,OH
a5d60091-a287-4c56-bfac-ee9545af368c,Rudolph,Liggens,GA
046a9ce2-2873-4590-a2de-03c47359bd70,Fey,Pamplin,VA
391e490a-4a7f-46e9-81cb-2a07b902b326,Marc,Dudenie,CA
7385b6df-545c-4192-81d1-292d589a5bfb,Chic,Kolis,OR
be579546-c032-4100-83ba-3480b415b7bf,Roslyn,MacDermand,FL
90665921-86d4-4370-b628-3ad29b070507,Archaimbaud,Glanester,SC
012832b6-912b-4275-b4fc-aee551c28ded,Kristina,Munnery,VA
b8a99f3b-4d5c-4fa4-be8a-6246fd4eaaae,Gerick,Puve,MN
67d49603-25a3-4631-b1c2-729123e28962,Jobi,Sillwood,FL
d9e29e04-24a6-43a9-b8be-38fd0ba60f4d,Patin,Brenard,AZ
c788e6c6-f865-41ba-b8a2-6e55e3ce3ad9,Dell,Dedham,KS
5fb18b29-39dc-491d-8877-d3b9d6f73efa,Tammy,Filchakov,MS
8f9bc8bc-ebdb-4f5a-8c25-06b962386962,Frederich,MacKenny,AK
61810e5f-8a99-4764-96fc-c1a94fec5e56,Letta,Legrice,NC
301532f4-d84c-484a-9b0b-c16bd5e03968,Drucill,Penvarden,TX
21578ecf-a9d3-425a-8511-29e4041e722d,Perl,Snook,GA
ee51b880-e540-4bc3-bb19-4bdbcaa53da0,Ravid,Oxborrow,AL
af3cca32-480d-40fc-a775-fe7806dff734,Gayle,Dallender,CA
6adeef23-9cd8-41bb-8983-7a3ce6390415,Ediva,Shankster,OH
dca231a8-6c9a-471c-b3ae-0cebc39223d7,Mic,Middup,CA
0c446fd5-55b9-4c30-9ca5-1474aba735f2,Elie,Filipczak,IN
ba51d115-e1ee-43af-9380-5ff6a07e8205,Tito,Schenfisch,LA
743aa69a-87cc-4898-b206-41bdac414ba9,Natalya,Weall,IN
66961918-76c8-4bcb-9ac2-c274660ee16b,Jeremiah,Arnott,FL
da3a86ee-abf8-4817-959d-c35b0ca83332,Gwendolyn,Drexel,CA
d1266970-8591-44ba-8dc1-68b5cfd37171,Townie,Golds,MS
22f2a537-49bf-4986-bba2-cd1ed39eeee9,Justis,Fretson,TX
1a65ff8c-4c01-43b9-b7cf-d134854dd899,Alvera,Bowditch,CA
7dc976f7-af8c-454f-bf09-ca5ca6c9835a,Gonzalo,Letty,CA
f6574d05-ba39-4021-9e48-fcf51bf48f6c,Albert,Trevon,FL
021abbf0-8ae7-4694-946a-0997be063c48,Sheilah,Soeiro,TX
9251e73d-9628-41a5-9e92-725a269d7655,Fredek,Van de Velde,NC
96b02c59-7b96-4ab2-af24-691c97bd70f8,Keane,Goodwins,FL
6e7328c5-5b21-4d8e-8aa0-21e332d9e148,Christye,Kenelin,OH
8029016a-f33f-42e7-a9ad-26d118737103,Julie,Stoner,VA
febb89a0-094f-4eca-95e4-123b5bd8dab3,Tonya,Rodolico,IL
538a7802-2fbf-4096-837b-f87b50250ff5,Dulce,Bovey,AL
e938e7e2-f364-4364-bee7-c7ebacfc81e4,Clareta,Kirdsch,NY
d593b3c2-b09e-48e6-a948-2f5194d994a2,Berenice,Lepoidevin,KY
f1ffdfd5-9a49-4876-8168-02c4592ba294,Any,Newbury,OH
41baa0ca-600f-4613-b7c5-cafca4ecf1f4,Pet,Clemonts,DC
0a6f8a54-10d9-4db7-b406-167636061acd,Wilton,Lowers,FL
4cba227a-a96a-47bb-874e-cab59cc47384,Allan,Bastone,TX
f17a93b0-80b3-4129-9cb8-8c480b17f777,Lavena,Falks,NY
9a9cfe84-2690-4d4c-95da-a488aea320e0,Conroy,Roper,NY
6e62421e-d10b-4ab7-83e7-31851f207358,Curtis,Abeles,KY
c49c613d-43e2-4b04-81d8-e0d9ebca7d42,Gwen,Tefft,IA
7bebf788-4c21-4afd-8f4d-cd78a6cb2d67,Terese,Messum,CA
a4c1c1f5-6f07-4609-816b-648e22ea4c0c,Mort,Tunnacliffe,AL
7ace95b3-716c-4cc2-8513-89c29e450dea,Caryl,Clarke,FL
a16f7253-40be-42e5-a3eb-8228f583c956,Luis,Spriggin,KY
acc2cbeb-d362-4a90-a0d0-5cbe7a14e3e8,Laird,Mosby,NM
bde883f7-54ee-419f-b261-f4f1ad55444e,Augustine,Greenlies,PA
a503acf3-8589-4e5a-aa87-89c913d2b4d5,Krissy,Crocumbe,CA
947875ae-577b-4902-b858-5d0c12ed656f,Jeffry,MacNamara,FL
968685d8-1bef-42b0-9e9f-e1b2d22507ad,Alex,Goodbody,IL
2205706c-7e42-4d23-9d5b-59151d1928b2,Sheffield,Retchless,DC
966f0565-6aa2-47a5-9456-33b08b345df0,Cam,Hearl,FL
8d2055ff-6e55-47ba-9a84-23cf8a261fd4,Isiahi,Ahearne,FL
b44ca279-983d-4e64-98a7-1bd5aa1ccaf6,Catha,Figure,PA
7573eac5-5bc2-490d-8df5-228aa8d746ba,Felizio,Louden,LA
3b96cc3b-14b9-48b7-91cb-7f564cba053a,Nelle,Scardefield,FL
c08f142c-057b-455f-81bd-72b55ee18c6f,Francesco,Kops,CA
bc1507ce-3ea4-44a0-9233-9a446f40f126,Issi,Epine,CO
68e15dc4-a6b2-496d-8d41-ea718ebfdcc5,Zitella,Constantine,CA
05f58117-776c-4409-9e72-92b0cca14f31,Anjela,Nijs,FL
cc2b949a-f540-4150-938b-afe20a0e6a6d,Frances,Christall,OH
9e503590-7338-4fc0-b366-9f48e8bf117e,Domingo,Bausmann,DC
2d31d80c-6536-44d8-9485-2c41beb1e919,Bartel,Brattan,MN
45ffa4c1-efeb-4e4e-ac19-0462c9e78e31,Urban,Willerson,CO
6fcc924f-d6de-439b-ab2b-f606a0629ae8,Barby,Simonett,TX
9f5cba8c-82a8-446e-9f9a-efe874fddb06,Shannan,Pine,FL
3243c9c8-d830-4bde-a8a8-d92bca53fdb6,Amargo,Paridge,MD
95c7e7f2-de48-4268-98bb-323d4cdbd06e,Lorraine,Aherne,FL
d18d2ee6-ae54-4f03-92cd-7a489654b9c6,Giana,Ericsson,WV
703fcc49-b685-456b-9325-1ea28db2e57b,Winni,Minter,FL
b840a0de-d86a-44c5-88c8-49acaf3cfed3,Denys,Broadbury,DE
1b0dd6d1-c4bc-4537-b523-7f1fb2edc48f,Nicky,McKeaney,TX
b66f9b3e-8f43-4040-a47e-19ae7495b6d2,Konrad,Bentsen,OH
8f932bd5-fbf7-4f3f-96e6-ee78cdae3a46,Leonelle,Djurkovic,MS
eff05bbc-1990-4f99-a51d-a5ab1f1a30a5,Dalston,Garrard,WA
3811a825-1183-4562-a7cf-3a9aef748e5c,Leta,Blodg,AZ
27f48146-719d-416b-869a-eecd81bf4f04,Sinclare,Merry,CA
e4490592-0f82-433e-9f61-77981c3a687e,Andreas,Wyvill,TX
356dfaff-a235-4f0c-907c-0783afa4449b,Jeanine,Paoletto,OR
96bbd64e-c78d-427d-8171-572e49ecce9d,Brina,Caddock,RI
9347b63a-2dd1-4a56-aee8-a9f6637a0368,Rheba,Murrell,CA
37fc85fc-7f36-48fc-949f-5deac7fd8771,Eddi,Dumsday,TN
7bfaa5ab-2d8f-41c2-9e27-8c59aa7bbbfc,Zak,Ximenez,CT
9b7940b9-4fde-4666-9f3a-4314dec95fcd,Tedman,Merrell,TX
9f70ae29-ee0d-4c89-afb1-a217729ac077,Cassius,Barstow,NV
8fb71e5b-9fbb-43dd-99b5-385f00c46679,Kenn,Ahlf,GA
02406640-a3c6-4300-b198-f7b160806359,Felizio,Belden,CA
6b85c069-0348-4756-a12e-651f9315718d,Kale,Pittford,WA
ae2e1857-b917-4a1f-850a-a25b5945b33f,Doe,Hansen,NV
fe6c9678-adbf-4a58-af37-bba8bf5b577f,Bern,Sill,GA
fee68044-6f61-428f-94b8-b252dc4aecfb,Wileen,Essel,CA
f2d9cb75-66db-4403-9adc-424629f25c0b,Mickie,Rennles,OH
03d4ec8f-5fe9-4123-aeec-b6e217da3f55,Hobie,Brooksby,NV
21fe1d39-1e8e-4d98-a81a-f5478e890ae8,Nero,Benes,LA
eb4e103c-8088-46a9-939c-788461b9b1e1,Donica,Slowgrove,CA
e7771722-42e0-47ac-bbaa-859e0d5f2f7d,Shirlene,Tidbold,TX
b2aa3ba1-755a-44f4-9ca1-78a183ca1cef,Estrella,Igo,NY
333e236d-7fbf-4406-ba1a-90910ee0d8f1,Amara,Dunckley,MI
bee8e46c-2dc4-42ba-ad16-c1f109163812,Larina,Carrell,VA
ef7df432-ef21-4311-81f0-4c019353a797,Othella,Klass,AZ
049f49ae-3235-4932-9b1d-9ae0c5166403,Ody,Ambrogelli,CA
6ce99a3a-98b5-49d6-b100-ac0d5af4b8ec,Tiff,Braga,VA
0052c4b4-8205-47b5-9d77-bbf7b04ab9f2,Eddy,Penfold,AL
0d9419fc-350d-4f2f-a78c-44ae223d4ec2,Aymer,Rayer,ID
